<?xml version="1.0"?>
<!DOCTYPE liferay-portlet-app PUBLIC "-//Liferay//DTD Portlet Application 6.2.0//EN" "http://www.liferay.com/dtd/liferay-portlet-app_6_2_0.dtd">

<liferay-portlet-app>
	<portlet>
		<portlet-name>fms-app</portlet-name>
		<icon>/icon.png</icon>
		<header-portlet-css>/css/app.css</header-portlet-css>
		<footer-portlet-javascript>/js/app.js</footer-portlet-javascript>
		<css-class-wrapper>fms-app-portlet</css-class-wrapper>
	</portlet>
	<portlet>
		<portlet-name>fms-home</portlet-name>
		<icon>/icon.png</icon>
		<header-portlet-css>/css/home.css</header-portlet-css>
		<footer-portlet-javascript>
			/js/home.js
		</footer-portlet-javascript>
		<css-class-wrapper>fms-home-portlet</css-class-wrapper>
	</portlet>
	<portlet>
		<portlet-name>fms-dashboard-map</portlet-name>
		<icon>/icon.png</icon>
		<header-portlet-css>/css/dashboard.css</header-portlet-css>
		<footer-portlet-javascript>
			/js/dashboard.js
		</footer-portlet-javascript>
		<css-class-wrapper>fms-dashboard-map-portlet</css-class-wrapper>
	</portlet>
	<portlet>
		<portlet-name>fms-dashboard-search-building</portlet-name>
		<icon>/icon.png</icon>
		<header-portlet-css>/css/dashboard-searchbuilding.css</header-portlet-css>
		<footer-portlet-javascript>
			/js/dashboard-searchbuilding.js
		</footer-portlet-javascript>
		<css-class-wrapper>
			fms-dashboard-search-building-portlet
		</css-class-wrapper>
	</portlet>
	<portlet>
		<portlet-name>fms-dashboard-technician-search</portlet-name>
		<icon>/icon.png</icon>
		<header-portlet-css>
			/css/technician-search.css
		</header-portlet-css>
		<footer-portlet-javascript>
			/js/technician-search.js
		</footer-portlet-javascript>
		<css-class-wrapper>
			fms-dashboard-technician-search-portlet
		</css-class-wrapper>
	</portlet>
	<portlet>
		<portlet-name>fms-attendance-chart</portlet-name>
		<icon>/icon.png</icon>
		<header-portlet-css>
			/css/attendance-chart.css
		</header-portlet-css>
		<footer-portlet-javascript>
			/js/attendance-chart.js
		</footer-portlet-javascript>
		<css-class-wrapper>
			fms-attendance-chart-portlet
		</css-class-wrapper>
	</portlet>
	<portlet>
		<portlet-name>fms-building-pm-chart</portlet-name>
		<icon>/icon.png</icon>
		<header-portlet-css>
			/css/building-pm-chart.css
		</header-portlet-css>
		<footer-portlet-javascript>
			/js/building-pm-chart.js
		</footer-portlet-javascript>
		<css-class-wrapper>
			fms-building-pm-chart-portlet
		</css-class-wrapper>
	</portlet>
	<portlet>
		<portlet-name>fms-supermarket-pm-chart</portlet-name>
		<icon>/icon.png</icon>
		<header-portlet-css>
			/css/supermarket-pm-chart.css
		</header-portlet-css>
		<footer-portlet-javascript>
			/js/supermarket-pm-chart.js
		</footer-portlet-javascript>
		<css-class-wrapper>
			fms-supermarket-pm-chart-portlet
		</css-class-wrapper>
	</portlet>
	<portlet>
		<portlet-name>fms-preventive-maintenance</portlet-name>
		<icon>/icon.png</icon>
		<header-portlet-css>
			/css/preventive-maintenance.css
		</header-portlet-css>
		<footer-portlet-javascript>
			/js/preventive-maintenance.js
		</footer-portlet-javascript>
		<css-class-wrapper>
			fms-preventive-maintenance-portlet
		</css-class-wrapper>
	</portlet>
	<portlet>
		<portlet-name>fms-security-system-pm-chart</portlet-name>
		<icon>/icon.png</icon>
		<header-portlet-css>
			/css/security-system-pm-chart.css
		</header-portlet-css>
		<footer-portlet-javascript>
			/js/security-system-pm-chart.js
		</footer-portlet-javascript>
		<css-class-wrapper>
			fms-security-system-pm-chart-portlet
		</css-class-wrapper>
	</portlet>
	<portlet>
		<portlet-name>fms-building-system-pm-chart</portlet-name>
		<icon>/icon.png</icon>
		<header-portlet-css>
			/css/building-system-pm-chart.css
		</header-portlet-css>
		<footer-portlet-javascript>
			/js/building-system-pm-chart.js
		</footer-portlet-javascript>
		<css-class-wrapper>
			fms-building-system-pm-chart-portlet
		</css-class-wrapper>
	</portlet>
	<portlet>
		<portlet-name>fmsme-system-pm-chart</portlet-name>
		<icon>/icon.png</icon>
		<header-portlet-css>
			/css/me-system-pm-chart.css
		</header-portlet-css>
		<footer-portlet-javascript>
			/js/me-system-pm-chart.js
		</footer-portlet-javascript>
		<css-class-wrapper>
			fmsme-system-pm-chart-portlet
		</css-class-wrapper>
	</portlet>
	<portlet>
		<portlet-name>fms-cleaning-performance-dashboard</portlet-name>
		<icon>/icon.png</icon>
		<header-portlet-css>
			/css/cleaning-performance-dashboard.css
		</header-portlet-css>
		<footer-portlet-javascript>
			/js/cleaning-performance-dashboard.js
		</footer-portlet-javascript>
		<css-class-wrapper>
			fms-cleaning-performance-dashboard-portlet
		</css-class-wrapper>
	</portlet>
	<portlet>
		<portlet-name>fms-preventive-maintenance-search</portlet-name>
		<icon>/icon.png</icon>
		<header-portlet-css>
			/css/preventive-maintenance-search.css
		</header-portlet-css>
		<footer-portlet-javascript>
			/js/preventive-maintenance-search.js
		</footer-portlet-javascript>
		<css-class-wrapper>
			fms-preventive-maintenance-search-portlet
		</css-class-wrapper>
	</portlet>
	<portlet>
		<portlet-name>fms-case-query</portlet-name>
		<icon>/icon.png</icon>
		<header-portlet-css>/css/case-query.css</header-portlet-css>
		<footer-portlet-javascript>
			/js/case-query.js
		</footer-portlet-javascript>
		<css-class-wrapper>fms-case-query-portlet</css-class-wrapper>
	</portlet>
	<portlet>
		<portlet-name>fms-case-create</portlet-name>
		<icon>/icon.png</icon>
		<header-portlet-css>/css/case-create.css</header-portlet-css>
		<footer-portlet-javascript>
			/js/case-create.js
		</footer-portlet-javascript>
		<css-class-wrapper>fms-case-create-portlet</css-class-wrapper>
	</portlet>
	<portlet>
		<portlet-name>fms-cm-chart</portlet-name>
		<icon>/icon.png</icon>
		<instanceable>true</instanceable>
		<header-portlet-css>/css/cm-chart.css</header-portlet-css>
		<footer-portlet-javascript>
			/js/cm-chart.js
		</footer-portlet-javascript>
		<css-class-wrapper>fms-cm-chart-portlet</css-class-wrapper>
	</portlet>
	<portlet>
		<portlet-name>fms-comparison-chart</portlet-name>
		<icon>/icon.png</icon>
		<instanceable>true</instanceable>
		<header-portlet-css>
			/css/comparison-chart.css
		</header-portlet-css>
		<footer-portlet-javascript>
			/js/comparison-chart.js
		</footer-portlet-javascript>
		<css-class-wrapper>
			fms-comparison-chart-portlet
		</css-class-wrapper>
	</portlet>
	<portlet>
		<portlet-name>fms-print-friendly</portlet-name>
		<icon>/icon.png</icon>
		<header-portlet-css>
			/css/print-friendly-main.css
		</header-portlet-css>
		<footer-portlet-javascript>
			/js/print-friendly-main.js
		</footer-portlet-javascript>
		<css-class-wrapper>
			fms-print-friendly-portlet
		</css-class-wrapper>
	</portlet>
	<portlet>
		<portlet-name>fms-cleaning-assessment</portlet-name>
		<icon>/icon.png</icon>
		<header-portlet-css>
			/css/cleaning-assessment.css
		</header-portlet-css>
		<footer-portlet-javascript>
			/js/cleaning-assessment.js
		</footer-portlet-javascript>
		<css-class-wrapper>
			fms-cleaning-assessment-portlet
		</css-class-wrapper>
	</portlet>
	<role-mapper>
		<role-name>administrator</role-name>
		<role-link>Administrator</role-link>
	</role-mapper>
	<role-mapper>
		<role-name>guest</role-name>
		<role-link>Guest</role-link>
	</role-mapper>
	<role-mapper>
		<role-name>power-user</role-name>
		<role-link>Power User</role-link>
	</role-mapper>
	<role-mapper>
		<role-name>user</role-name>
		<role-link>User</role-link>
	</role-mapper>
</liferay-portlet-app>