<?xml version="1.0"?>
<!DOCTYPE display PUBLIC "-//Liferay//DTD Display 6.2.0//EN" "http://www.liferay.com/dtd/liferay-display_6_2_0.dtd">

<display>
	<category name="fms">
		<portlet id="fms-app" />
		<portlet id="fms-home"></portlet>
		<portlet id="fms-dashboard-map"></portlet>
		<portlet id="fms-dashboard-search-building"></portlet>
		<portlet id="fms-dashboard-technician-search"></portlet>
		<portlet id="fms-attendance-chart"></portlet>
		<portlet id="fms-building-pm-chart"></portlet>
		<portlet id="fms-supermarket-pm-chart"></portlet>
		<portlet id="fms-preventive-maintenance"></portlet>
		<portlet id="fms-security-system-pm-chart"></portlet>
		<portlet id="fms-building-system-pm-chart"></portlet>
		<portlet id="fmsme-system-pm-chart"></portlet>
		<portlet id="fms-cleaning-performance-dashboard"></portlet>
		<portlet id="fms-preventive-maintenance-search"></portlet>
		<portlet id="fms-case-query"></portlet>
		<portlet id="fms-case-create"></portlet>
		<portlet id="fms-cm-chart"></portlet>
		<portlet id="fms-comparison-chart"></portlet>
		<portlet id="fms-print-friendly"></portlet>
		<portlet id="fms-cleaning-assessment"></portlet>
	</category>
	<category name="category.sample">
		
	</category>
</display>