<?xml version="1.0"?>

<portlet-app xmlns="http://java.sun.com/xml/ns/portlet/portlet-app_2_0.xsd" xmlns:xsi="http://www.w3.org/2001/XMLSchema-instance" xsi:schemaLocation="http://java.sun.com/xml/ns/portlet/portlet-app_2_0.xsd http://java.sun.com/xml/ns/portlet/portlet-app_2_0.xsd" version="2.0">
	<portlet>
		<portlet-name>fms-app</portlet-name>
		<display-name>Fms App</display-name>
		<portlet-class>com.liferay.util.bridges.mvc.MVCPortlet</portlet-class>
		<init-param>
			<name>view-template</name>
			<value>/view.jsp</value>
		</init-param>
		<expiration-cache>0</expiration-cache>
		<supports>
			<mime-type>text/html</mime-type>
		</supports>
		<portlet-info>
			<title>FMS App</title>
			<short-title>FMS App</short-title>
			<keywords>FMS App</keywords>
		</portlet-info>
		<security-role-ref>
			<role-name>administrator</role-name>
		</security-role-ref>
		<security-role-ref>
			<role-name>guest</role-name>
		</security-role-ref>
		<security-role-ref>
			<role-name>power-user</role-name>
		</security-role-ref>
		<security-role-ref>
			<role-name>user</role-name>
		</security-role-ref>
	</portlet>
	<portlet>
		<portlet-name>fms-home</portlet-name>
		<display-name>FMS Home</display-name>
		<portlet-class>
			sg.com.ctcdemo.fms.portlet.FMSHomePortlet
		</portlet-class>
		<init-param>
			<name>view-template</name>
			<value>/html/fmshome/view.jsp</value>
		</init-param>
		<expiration-cache>0</expiration-cache>
		<supports>
			<mime-type>text/html</mime-type>
			<portlet-mode>view</portlet-mode>
		</supports>
		<portlet-info>
			<title>FMS Home</title>
			<short-title>FMS Home</short-title>
			<keywords></keywords>
		</portlet-info>
		<security-role-ref>
			<role-name>administrator</role-name>
		</security-role-ref>
		<security-role-ref>
			<role-name>guest</role-name>
		</security-role-ref>
		<security-role-ref>
			<role-name>power-user</role-name>
		</security-role-ref>
		<security-role-ref>
			<role-name>user</role-name>
		</security-role-ref>
	</portlet>
	<portlet>
		<portlet-name>fms-dashboard-map</portlet-name>
		<display-name>FMS Dashboard Map</display-name>
		<portlet-class>
			sg.com.ctcdemo.fms.portlet.FMSDashboardMap
		</portlet-class>
		<init-param>
			<name>view-template</name>
			<value>/html/fmsdashboardmap/view.jsp</value>
		</init-param>
		<expiration-cache>0</expiration-cache>
		<supports>
			<mime-type>text/html</mime-type>
			<portlet-mode>view</portlet-mode>
		</supports>
		<portlet-info>
			<title>FMS Dashboard Map</title>
			<short-title>FMS Dashboard Map</short-title>
			<keywords></keywords>
		</portlet-info>
		<security-role-ref>
			<role-name>administrator</role-name>
		</security-role-ref>
		<security-role-ref>
			<role-name>guest</role-name>
		</security-role-ref>
		<security-role-ref>
			<role-name>power-user</role-name>
		</security-role-ref>
		<security-role-ref>
			<role-name>user</role-name>
		</security-role-ref>
	</portlet>
	<portlet>
		<portlet-name>fms-dashboard-search-building</portlet-name>
		<display-name>FMS Dashboard Search Building</display-name>
		<portlet-class>
			sg.com.ctcdemo.fms.portlet.FMSDashboardSearchBuilding
		</portlet-class>
		<init-param>
			<name>view-template</name>
			<value>/html/fmsdashboardsearchbuilding/view.jsp</value>
		</init-param>
		<expiration-cache>0</expiration-cache>
		<supports>
			<mime-type>text/html</mime-type>
			<portlet-mode>view</portlet-mode>
		</supports>
		<portlet-info>
			<title>FMS Dashboard Search Building</title>
			<short-title>Fms Dashboard Search Building</short-title>
			<keywords></keywords>
		</portlet-info>
		<security-role-ref>
			<role-name>administrator</role-name>
		</security-role-ref>
		<security-role-ref>
			<role-name>guest</role-name>
		</security-role-ref>
		<security-role-ref>
			<role-name>power-user</role-name>
		</security-role-ref>
		<security-role-ref>
			<role-name>user</role-name>
		</security-role-ref>
	</portlet>
	<portlet>
		<portlet-name>fms-dashboard-technician-search</portlet-name>
		<display-name>FMS Dashboard Technician Search</display-name>
		<portlet-class>
			sg.com.ctcdemo.fms.portlet.FMSDashboardTechnicianSearch
		</portlet-class>
		<init-param>
			<name>view-template</name>
			<value>/html/fmsdashboardtechniciansearch/view.jsp</value>
		</init-param>
		<expiration-cache>0</expiration-cache>
		<supports>
			<mime-type>text/html</mime-type>
			<portlet-mode>view</portlet-mode>
		</supports>
		<portlet-info>
			<title>FMS Dashboard Technician Search</title>
			<short-title>Fms Dashboard Technician Search</short-title>
			<keywords></keywords>
		</portlet-info>
		<security-role-ref>
			<role-name>administrator</role-name>
		</security-role-ref>
		<security-role-ref>
			<role-name>guest</role-name>
		</security-role-ref>
		<security-role-ref>
			<role-name>power-user</role-name>
		</security-role-ref>
		<security-role-ref>
			<role-name>user</role-name>
		</security-role-ref>
	</portlet>
	<portlet>
		<portlet-name>fms-attendance-chart</portlet-name>
		<display-name>FMS Attendance Chart</display-name>
		<portlet-class>
			sg.com.ctcdemo.fms.portlet.FMSAttendanceChart
		</portlet-class>
		<init-param>
			<name>view-template</name>
			<value>/html/fmsattendancechart/view.jsp</value>
		</init-param>
		<expiration-cache>0</expiration-cache>
		<supports>
			<mime-type>text/html</mime-type>
			<portlet-mode>view</portlet-mode>
		</supports>
		<portlet-info>
			<title>FMS Attendance Chart</title>
			<short-title>Fms Attendance Chart</short-title>
			<keywords></keywords>
		</portlet-info>
		<security-role-ref>
			<role-name>administrator</role-name>
		</security-role-ref>
		<security-role-ref>
			<role-name>guest</role-name>
		</security-role-ref>
		<security-role-ref>
			<role-name>power-user</role-name>
		</security-role-ref>
		<security-role-ref>
			<role-name>user</role-name>
		</security-role-ref>
	</portlet>
	<portlet>
		<portlet-name>fms-building-pm-chart</portlet-name>
		<display-name>FMS Building Pm Chart</display-name>
		<portlet-class>
			sg.com.ctcdemo.fms.portlet.FMSBuildingPMChart
		</portlet-class>
		<init-param>
			<name>view-template</name>
			<value>/html/fmsbuildingpmchart/view.jsp</value>
		</init-param>
		<init-param>
			<name>preview-template</name>
			<value>/html/fmsbuildingpmchart/preview.jsp</value>
		</init-param>
		<init-param>
			<name>print-template</name>
			<value>/html/fmsbuildingpmchart/print.jsp</value>
		</init-param>
		<expiration-cache>0</expiration-cache>
		<supports>
			<mime-type>text/html</mime-type>
			<portlet-mode>view</portlet-mode>
			<portlet-mode>preview</portlet-mode>
			<portlet-mode>print</portlet-mode>
		</supports>
		<portlet-info>
			<title>FMS Building Pm Chart</title>
			<short-title>Fms Building Pm Chart</short-title>
			<keywords></keywords>
		</portlet-info>
		<security-role-ref>
			<role-name>administrator</role-name>
		</security-role-ref>
		<security-role-ref>
			<role-name>guest</role-name>
		</security-role-ref>
		<security-role-ref>
			<role-name>power-user</role-name>
		</security-role-ref>
		<security-role-ref>
			<role-name>user</role-name>
		</security-role-ref>
	</portlet>
	<portlet>
		<portlet-name>fms-supermarket-pm-chart</portlet-name>
		<display-name>FMS Supermarket Pm Chart</display-name>
		<portlet-class>
			sg.com.ctcdemo.fms.portlet.FMSSupermarketPMChart
		</portlet-class>
		<init-param>
			<name>view-template</name>
			<value>/html/fmssupermarketpmchart/view.jsp</value>
		</init-param>
		<expiration-cache>0</expiration-cache>
		<supports>
			<mime-type>text/html</mime-type>
			<portlet-mode>view</portlet-mode>
		</supports>
		<portlet-info>
			<title>FMS Supermarket Pm Chart</title>
			<short-title>Fms Supermarket Pm Chart</short-title>
			<keywords></keywords>
		</portlet-info>
		<security-role-ref>
			<role-name>administrator</role-name>
		</security-role-ref>
		<security-role-ref>
			<role-name>guest</role-name>
		</security-role-ref>
		<security-role-ref>
			<role-name>power-user</role-name>
		</security-role-ref>
		<security-role-ref>
			<role-name>user</role-name>
		</security-role-ref>
	</portlet>
	<portlet>
		<portlet-name>fms-preventive-maintenance</portlet-name>
		<display-name>FMS Preventive Maintenance</display-name>
		<portlet-class>
			sg.com.ctcdemo.fms.portlet.FMSPreventiveMaintenance
		</portlet-class>
		<init-param>
			<name>view-template</name>
			<value>/html/fmspreventivemaintenance/view.jsp</value>
		</init-param>
		<expiration-cache>0</expiration-cache>
		<supports>
			<mime-type>text/html</mime-type>
			<portlet-mode>view</portlet-mode>
		</supports>
		<portlet-info>
			<title>FMS Preventive Maintenance</title>
			<short-title>Fms Preventive Maintenance</short-title>
			<keywords></keywords>
		</portlet-info>
		<security-role-ref>
			<role-name>administrator</role-name>
		</security-role-ref>
		<security-role-ref>
			<role-name>guest</role-name>
		</security-role-ref>
		<security-role-ref>
			<role-name>power-user</role-name>
		</security-role-ref>
		<security-role-ref>
			<role-name>user</role-name>
		</security-role-ref>
	</portlet>
	<portlet>
		<portlet-name>fms-security-system-pm-chart</portlet-name>
		<display-name>FMS Security System Pm Chart</display-name>
		<portlet-class>
			sg.com.ctcdemo.fms.portlet.FMSSecuritySystemPMChart
		</portlet-class>
		<init-param>
			<name>view-template</name>
			<value>/html/fmssecuritysystempmchart/view.jsp</value>
		</init-param>
		<expiration-cache>0</expiration-cache>
		<supports>
			<mime-type>text/html</mime-type>
			<portlet-mode>view</portlet-mode>
		</supports>
		<portlet-info>
			<title>FMS Security System Pm Chart</title>
			<short-title>Fms Security System Pm Chart</short-title>
			<keywords></keywords>
		</portlet-info>
		<security-role-ref>
			<role-name>administrator</role-name>
		</security-role-ref>
		<security-role-ref>
			<role-name>guest</role-name>
		</security-role-ref>
		<security-role-ref>
			<role-name>power-user</role-name>
		</security-role-ref>
		<security-role-ref>
			<role-name>user</role-name>
		</security-role-ref>
	</portlet>
	<portlet>
		<portlet-name>fms-building-system-pm-chart</portlet-name>
		<display-name>FMS Building System Pm Chart</display-name>
		<portlet-class>
			sg.com.ctcdemo.fms.portlet.FMSBuildingSystemPMChart
		</portlet-class>
		<init-param>
			<name>view-template</name>
			<value>/html/fmsbuildingsystempmchart/view.jsp</value>
		</init-param>
		<expiration-cache>0</expiration-cache>
		<supports>
			<mime-type>text/html</mime-type>
			<portlet-mode>view</portlet-mode>
		</supports>
		<portlet-info>
			<title>FMS Building System Pm Chart</title>
			<short-title>Fms Building System Pm Chart</short-title>
			<keywords></keywords>
		</portlet-info>
		<security-role-ref>
			<role-name>administrator</role-name>
		</security-role-ref>
		<security-role-ref>
			<role-name>guest</role-name>
		</security-role-ref>
		<security-role-ref>
			<role-name>power-user</role-name>
		</security-role-ref>
		<security-role-ref>
			<role-name>user</role-name>
		</security-role-ref>
	</portlet>
	<portlet>
		<portlet-name>fmsme-system-pm-chart</portlet-name>
		<display-name>FMS ME System Pm Chart</display-name>
		<portlet-class>
			sg.com.ctcdemo.fms.portlet.FMSMESystemPMChart
		</portlet-class>
		<init-param>
			<name>view-template</name>
			<value>/html/fmsmesystempmchart/view.jsp</value>
		</init-param>
		<expiration-cache>0</expiration-cache>
		<supports>
			<mime-type>text/html</mime-type>
			<portlet-mode>view</portlet-mode>
		</supports>
		<portlet-info>
			<title>FMS ME System Pm Chart</title>
			<short-title>Fmsme System Pm Chart</short-title>
			<keywords></keywords>
		</portlet-info>
		<security-role-ref>
			<role-name>administrator</role-name>
		</security-role-ref>
		<security-role-ref>
			<role-name>guest</role-name>
		</security-role-ref>
		<security-role-ref>
			<role-name>power-user</role-name>
		</security-role-ref>
		<security-role-ref>
			<role-name>user</role-name>
		</security-role-ref>
	</portlet>
	<portlet>
		<portlet-name>fms-cleaning-performance-dashboard</portlet-name>
		<display-name>FMS Cleaning Performance Dashboard</display-name>
		<portlet-class>
			sg.com.ctcdemo.fms.portlet.FMSCleaningPerformanceDashboard
		</portlet-class>
		<init-param>
			<name>view-template</name>
			<value>
				/html/fmscleaningperformancedashboard/view.jsp
			</value>
		</init-param>
		<init-param>
			<name>print-template</name>
			<value>/html/fmscleaningperformancedashboard/view.jsp</value>
		</init-param>
		<expiration-cache>0</expiration-cache>
		<supports>
			<mime-type>text/html</mime-type>
			<portlet-mode>view</portlet-mode>
			<portlet-mode>print</portlet-mode>
		</supports>
		<portlet-info>
			<title>FMS Cleaning Performance Dashboard</title>
			<short-title>
				Fms Cleaning Performance Dashboard
			</short-title>
			<keywords></keywords>
		</portlet-info>
		<security-role-ref>
			<role-name>administrator</role-name>
		</security-role-ref>
		<security-role-ref>
			<role-name>guest</role-name>
		</security-role-ref>
		<security-role-ref>
			<role-name>power-user</role-name>
		</security-role-ref>
		<security-role-ref>
			<role-name>user</role-name>
		</security-role-ref>
	</portlet>
	<portlet>
		<portlet-name>fms-preventive-maintenance-search</portlet-name>
		<display-name>FMS Preventive Maintenance Search</display-name>
		<portlet-class>
			sg.com.ctcdemo.fms.portlet.FMSPreventiveMaintenanceSearch
		</portlet-class>
		<init-param>
			<name>view-template</name>
			<value>/html/fmspreventivemaintenancesearch/view.jsp</value>
		</init-param>
		<expiration-cache>0</expiration-cache>
		<supports>
			<mime-type>text/html</mime-type>
			<portlet-mode>view</portlet-mode>
		</supports>
		<portlet-info>
			<title>FMS Preventive Maintenance Search</title>
			<short-title>Fms Preventive Maintenance Search</short-title>
			<keywords></keywords>
		</portlet-info>
		<security-role-ref>
			<role-name>administrator</role-name>
		</security-role-ref>
		<security-role-ref>
			<role-name>guest</role-name>
		</security-role-ref>
		<security-role-ref>
			<role-name>power-user</role-name>
		</security-role-ref>
		<security-role-ref>
			<role-name>user</role-name>
		</security-role-ref>
	</portlet>
	<portlet>
		<portlet-name>fms-case-query</portlet-name>
		<display-name>FMS Case Query</display-name>
		<portlet-class>
			sg.com.ctcdemo.fms.portlet.FMSCaseQuery
		</portlet-class>
		<init-param>
			<name>view-template</name>
			<value>/html/fmscasequery/view.jsp</value>
		</init-param>
		<expiration-cache>0</expiration-cache>
		<supports>
			<mime-type>text/html</mime-type>
			<portlet-mode>view</portlet-mode>
		</supports>
		<portlet-info>
			<title>FMS Case Query</title>
			<short-title>Fms Case Query</short-title>
			<keywords></keywords>
		</portlet-info>
		<security-role-ref>
			<role-name>administrator</role-name>
		</security-role-ref>
		<security-role-ref>
			<role-name>guest</role-name>
		</security-role-ref>
		<security-role-ref>
			<role-name>power-user</role-name>
		</security-role-ref>
		<security-role-ref>
			<role-name>user</role-name>
		</security-role-ref>
	</portlet>
	<portlet>
		<portlet-name>fms-case-create</portlet-name>
		<display-name>FMS Case Create</display-name>
		<portlet-class>
			sg.com.ctcdemo.fms.portlet.FMSCaseCreate
		</portlet-class>
		<init-param>
			<name>view-template</name>
			<value>/html/fmscasecreate/view.jsp</value>
		</init-param>
		<expiration-cache>0</expiration-cache>
		<supports>
			<mime-type>text/html</mime-type>
			<portlet-mode>view</portlet-mode>
		</supports>
		<portlet-info>
			<title>FMS Case Create</title>
			<short-title>Fms Case Create</short-title>
			<keywords></keywords>
		</portlet-info>
		<security-role-ref>
			<role-name>administrator</role-name>
		</security-role-ref>
		<security-role-ref>
			<role-name>guest</role-name>
		</security-role-ref>
		<security-role-ref>
			<role-name>power-user</role-name>
		</security-role-ref>
		<security-role-ref>
			<role-name>user</role-name>
		</security-role-ref>
	</portlet>
	<portlet>
		<portlet-name>fms-cm-chart</portlet-name>
		<display-name>FMS CM Chart</display-name>
		<portlet-class>
			sg.com.ctcdemo.fms.portlet.FMSCMChart
		</portlet-class>
		<init-param>
			<name>view-template</name>
			<value>/html/fmscmchart/view.jsp</value>
		</init-param>
		<init-param>
			<name>edit-template</name>
			<value>/html/fmscmchart/edit.jsp</value>
		</init-param>
		<init-param>
			<name>config-template</name>
			<value>/html/fmscmchart/config.jsp</value>
		</init-param>
		<expiration-cache>0</expiration-cache>
		<supports>
			<mime-type>text/html</mime-type>
			<portlet-mode>view</portlet-mode>
            <portlet-mode>edit</portlet-mode>
			<portlet-mode>config</portlet-mode>
		</supports>
		<portlet-info>
			<title>FMS CM Chart</title>
			<short-title>Fms Cm Chart</short-title>
			<keywords></keywords>
		</portlet-info>
		<security-role-ref>
			<role-name>administrator</role-name>
		</security-role-ref>
		<security-role-ref>
			<role-name>guest</role-name>
		</security-role-ref>
		<security-role-ref>
			<role-name>power-user</role-name>
		</security-role-ref>
		<security-role-ref>
			<role-name>user</role-name>
		</security-role-ref>
	</portlet>
	<portlet>
		<portlet-name>fms-comparison-chart</portlet-name>
		<display-name>FMS Comparison Chart</display-name>
		<portlet-class>
			sg.com.ctcdemo.fms.portlet.FMSComparisonChart
		</portlet-class>
		<init-param>
			<name>view-template</name>
			<value>/html/fmscomparisonchart/view.jsp</value>
		</init-param>
		<init-param>
			<name>edit-template</name>
			<value>/html/fmscomparisonchart/edit.jsp</value>
		</init-param>
		<init-param>
			<name>config-template</name>
			<value>/html/fmscomparisonchart/config.jsp</value>
		</init-param>
		<expiration-cache>0</expiration-cache>
		<supports>
			<mime-type>text/html</mime-type>
			<portlet-mode>view</portlet-mode>
			<portlet-mode>edit</portlet-mode>
			<portlet-mode>config</portlet-mode>
		</supports>
		<portlet-info>
			<title>FMS Comparison Chart</title>
			<short-title>Fms Comparison Chart</short-title>
			<keywords></keywords>
		</portlet-info>
		<security-role-ref>
			<role-name>administrator</role-name>
		</security-role-ref>
		<security-role-ref>
			<role-name>guest</role-name>
		</security-role-ref>
		<security-role-ref>
			<role-name>power-user</role-name>
		</security-role-ref>
		<security-role-ref>
			<role-name>user</role-name>
		</security-role-ref>
	</portlet>
	
	<portlet>
		<portlet-name>fms-print-friendly</portlet-name>
		<display-name>Fms Print Friendly</display-name>
		<portlet-class>
			sg.com.ctcdemo.fms.portlet.FMSPrintFriendly
		</portlet-class>
		<init-param>
			<name>view-template</name>
			<value>/html/fmsprintfriendly/view.jsp</value>
		</init-param>
		<init-param>
			<name>about-template</name>
			<value>/html/fmsprintfriendly/about.jsp</value>
		</init-param>
		<init-param>
			<name>config-template</name>
			<value>/html/fmsprintfriendly/config.jsp</value>
		</init-param>
		<init-param>
			<name>edit-defaults-template</name>
			<value>/html/fmsprintfriendly/edit-defaults.jsp</value>
		</init-param>
		<init-param>
			<name>preview-template</name>
			<value>/html/fmsprintfriendly/preview.jsp</value>
		</init-param>
		<init-param>
			<name>print-template</name>
			<value>/html/fmsprintfriendly/print.jsp</value>
		</init-param>
		<expiration-cache>0</expiration-cache>
		<supports>
			<mime-type>text/html</mime-type>
			<portlet-mode>view</portlet-mode>
			<portlet-mode>about</portlet-mode>
			<portlet-mode>config</portlet-mode>
			<portlet-mode>edit_defaults</portlet-mode>
			<portlet-mode>preview</portlet-mode>
			<portlet-mode>print</portlet-mode>
		</supports>
		<portlet-info>
			<title>Fms Print Friendly</title>
			<short-title>Fms Print Friendly</short-title>
			<keywords></keywords>
		</portlet-info>
		<security-role-ref>
			<role-name>administrator</role-name>
		</security-role-ref>
		<security-role-ref>
			<role-name>guest</role-name>
		</security-role-ref>
		<security-role-ref>
			<role-name>power-user</role-name>
		</security-role-ref>
		<security-role-ref>
			<role-name>user</role-name>
		</security-role-ref>
	</portlet>
	<portlet>
		<portlet-name>fms-cleaning-assessment</portlet-name>
		<display-name>Fms Cleaning Assessment</display-name>
		<portlet-class>
			sg.com.ctcdemo.fms.portlet.FMSCleaningAssessment
		</portlet-class>
		<init-param>
			<name>view-template</name>
			<value>/html/fmscleaningassessment/view.jsp</value>
		</init-param>
		<init-param>
			<name>print-template</name>
			<value>/html/fmscleaningassessment/view.jsp</value>
		</init-param>
		<expiration-cache>0</expiration-cache>
		<supports>
			<mime-type>text/html</mime-type>
			<portlet-mode>view</portlet-mode>
			<portlet-mode>print</portlet-mode>
		</supports>
		<portlet-info>
			<title>Fms Cleaning Assessment</title>
			<short-title>Fms Cleaning Assessment</short-title>
			<keywords></keywords>
		</portlet-info>
		<security-role-ref>
			<role-name>administrator</role-name>
		</security-role-ref>
		<security-role-ref>
			<role-name>guest</role-name>
		</security-role-ref>
		<security-role-ref>
			<role-name>power-user</role-name>
		</security-role-ref>
		<security-role-ref>
			<role-name>user</role-name>
		</security-role-ref>
	</portlet>
</portlet-app>